[{"model": "auth.permission", "pk": 1, "fields": {"name": "Can add log entry", "content_type": 1, "codename": "add_logentry"}}, {"model": "auth.permission", "pk": 2, "fields": {"name": "Can change log entry", "content_type": 1, "codename": "change_logentry"}}, {"model": "auth.permission", "pk": 3, "fields": {"name": "Can delete log entry", "content_type": 1, "codename": "delete_logentry"}}, {"model": "auth.permission", "pk": 4, "fields": {"name": "Can view log entry", "content_type": 1, "codename": "view_logentry"}}, {"model": "auth.permission", "pk": 5, "fields": {"name": "Can add permission", "content_type": 2, "codename": "add_permission"}}, {"model": "auth.permission", "pk": 6, "fields": {"name": "Can change permission", "content_type": 2, "codename": "change_permission"}}, {"model": "auth.permission", "pk": 7, "fields": {"name": "Can delete permission", "content_type": 2, "codename": "delete_permission"}}, {"model": "auth.permission", "pk": 8, "fields": {"name": "Can view permission", "content_type": 2, "codename": "view_permission"}}, {"model": "auth.permission", "pk": 9, "fields": {"name": "Can add group", "content_type": 3, "codename": "add_group"}}, {"model": "auth.permission", "pk": 10, "fields": {"name": "Can change group", "content_type": 3, "codename": "change_group"}}, {"model": "auth.permission", "pk": 11, "fields": {"name": "Can delete group", "content_type": 3, "codename": "delete_group"}}, {"model": "auth.permission", "pk": 12, "fields": {"name": "Can view group", "content_type": 3, "codename": "view_group"}}, {"model": "auth.permission", "pk": 13, "fields": {"name": "Can add content type", "content_type": 4, "codename": "add_contenttype"}}, {"model": "auth.permission", "pk": 14, "fields": {"name": "Can change content type", "content_type": 4, "codename": "change_contenttype"}}, {"model": "auth.permission", "pk": 15, "fields": {"name": "Can delete content type", "content_type": 4, "codename": "delete_contenttype"}}, {"model": "auth.permission", "pk": 16, "fields": {"name": "Can view content type", "content_type": 4, "codename": "view_contenttype"}}, {"model": "auth.permission", "pk": 17, "fields": {"name": "Can add session", "content_type": 5, "codename": "add_session"}}, {"model": "auth.permission", "pk": 18, "fields": {"name": "Can change session", "content_type": 5, "codename": "change_session"}}, {"model": "auth.permission", "pk": 19, "fields": {"name": "Can delete session", "content_type": 5, "codename": "delete_session"}}, {"model": "auth.permission", "pk": 20, "fields": {"name": "Can view session", "content_type": 5, "codename": "view_session"}}, {"model": "auth.permission", "pk": 21, "fields": {"name": "Can add Token", "content_type": 6, "codename": "add_token"}}, {"model": "auth.permission", "pk": 22, "fields": {"name": "Can change Token", "content_type": 6, "codename": "change_token"}}, {"model": "auth.permission", "pk": 23, "fields": {"name": "Can delete Token", "content_type": 6, "codename": "delete_token"}}, {"model": "auth.permission", "pk": 24, "fields": {"name": "Can view Token", "content_type": 6, "codename": "view_token"}}, {"model": "auth.permission", "pk": 25, "fields": {"name": "Can add Token", "content_type": 7, "codename": "add_tokenproxy"}}, {"model": "auth.permission", "pk": 26, "fields": {"name": "Can change Token", "content_type": 7, "codename": "change_tokenproxy"}}, {"model": "auth.permission", "pk": 27, "fields": {"name": "Can delete Token", "content_type": 7, "codename": "delete_tokenproxy"}}, {"model": "auth.permission", "pk": 28, "fields": {"name": "Can view Token", "content_type": 7, "codename": "view_tokenproxy"}}, {"model": "auth.permission", "pk": 29, "fields": {"name": "Can add Blacklisted Token", "content_type": 8, "codename": "add_blacklistedtoken"}}, {"model": "auth.permission", "pk": 30, "fields": {"name": "Can change Blacklisted Token", "content_type": 8, "codename": "change_blacklistedtoken"}}, {"model": "auth.permission", "pk": 31, "fields": {"name": "Can delete Blacklisted Token", "content_type": 8, "codename": "delete_blacklistedtoken"}}, {"model": "auth.permission", "pk": 32, "fields": {"name": "Can view Blacklisted Token", "content_type": 8, "codename": "view_blacklistedtoken"}}, {"model": "auth.permission", "pk": 33, "fields": {"name": "Can add Outstanding Token", "content_type": 9, "codename": "add_outstandingtoken"}}, {"model": "auth.permission", "pk": 34, "fields": {"name": "Can change Outstanding Token", "content_type": 9, "codename": "change_outstandingtoken"}}, {"model": "auth.permission", "pk": 35, "fields": {"name": "Can delete Outstanding Token", "content_type": 9, "codename": "delete_outstandingtoken"}}, {"model": "auth.permission", "pk": 36, "fields": {"name": "Can view Outstanding Token", "content_type": 9, "codename": "view_outstandingtoken"}}, {"model": "auth.permission", "pk": 37, "fields": {"name": "Can add User", "content_type": 10, "codename": "add_user"}}, {"model": "auth.permission", "pk": 38, "fields": {"name": "Can change User", "content_type": 10, "codename": "change_user"}}, {"model": "auth.permission", "pk": 39, "fields": {"name": "Can delete User", "content_type": 10, "codename": "delete_user"}}, {"model": "auth.permission", "pk": 40, "fields": {"name": "Can view User", "content_type": 10, "codename": "view_user"}}, {"model": "auth.permission", "pk": 41, "fields": {"name": "Can add board", "content_type": 11, "codename": "add_board"}}, {"model": "auth.permission", "pk": 42, "fields": {"name": "Can change board", "content_type": 11, "codename": "change_board"}}, {"model": "auth.permission", "pk": 43, "fields": {"name": "Can delete board", "content_type": 11, "codename": "delete_board"}}, {"model": "auth.permission", "pk": 44, "fields": {"name": "Can view board", "content_type": 11, "codename": "view_board"}}, {"model": "auth.permission", "pk": 45, "fields": {"name": "Can add card", "content_type": 12, "codename": "add_card"}}, {"model": "auth.permission", "pk": 46, "fields": {"name": "Can change card", "content_type": 12, "codename": "change_card"}}, {"model": "auth.permission", "pk": 47, "fields": {"name": "Can delete card", "content_type": 12, "codename": "delete_card"}}, {"model": "auth.permission", "pk": 48, "fields": {"name": "Can view card", "content_type": 12, "codename": "view_card"}}, {"model": "auth.permission", "pk": 49, "fields": {"name": "Can add list", "content_type": 13, "codename": "add_list"}}, {"model": "auth.permission", "pk": 50, "fields": {"name": "Can change list", "content_type": 13, "codename": "change_list"}}, {"model": "auth.permission", "pk": 51, "fields": {"name": "Can delete list", "content_type": 13, "codename": "delete_list"}}, {"model": "auth.permission", "pk": 52, "fields": {"name": "Can view list", "content_type": 13, "codename": "view_list"}}, {"model": "auth.permission", "pk": 53, "fields": {"name": "Can add budget category", "content_type": 14, "codename": "add_budgetcategory"}}, {"model": "auth.permission", "pk": 54, "fields": {"name": "Can change budget category", "content_type": 14, "codename": "change_budgetcategory"}}, {"model": "auth.permission", "pk": 55, "fields": {"name": "Can delete budget category", "content_type": 14, "codename": "delete_budgetcategory"}}, {"model": "auth.permission", "pk": 56, "fields": {"name": "Can view budget category", "content_type": 14, "codename": "view_budgetcategory"}}, {"model": "auth.permission", "pk": 57, "fields": {"name": "Can add budget item", "content_type": 15, "codename": "add_budgetitem"}}, {"model": "auth.permission", "pk": 58, "fields": {"name": "Can change budget item", "content_type": 15, "codename": "change_budgetitem"}}, {"model": "auth.permission", "pk": 59, "fields": {"name": "Can delete budget item", "content_type": 15, "codename": "delete_budgetitem"}}, {"model": "auth.permission", "pk": 60, "fields": {"name": "Can view budget item", "content_type": 15, "codename": "view_budgetitem"}}, {"model": "auth.permission", "pk": 61, "fields": {"name": "Can add budget", "content_type": 16, "codename": "add_budget"}}, {"model": "auth.permission", "pk": 62, "fields": {"name": "Can change budget", "content_type": 16, "codename": "change_budget"}}, {"model": "auth.permission", "pk": 63, "fields": {"name": "Can delete budget", "content_type": 16, "codename": "delete_budget"}}, {"model": "auth.permission", "pk": 64, "fields": {"name": "Can view budget", "content_type": 16, "codename": "view_budget"}}, {"model": "auth.permission", "pk": 65, "fields": {"name": "Can add Map Location", "content_type": 17, "codename": "add_maplocation"}}, {"model": "auth.permission", "pk": 66, "fields": {"name": "Can change Map Location", "content_type": 17, "codename": "change_maplocation"}}, {"model": "auth.permission", "pk": 67, "fields": {"name": "Can delete Map Location", "content_type": 17, "codename": "delete_maplocation"}}, {"model": "auth.permission", "pk": 68, "fields": {"name": "Can view Map Location", "content_type": 17, "codename": "view_maplocation"}}, {"model": "auth.permission", "pk": 69, "fields": {"name": "Can add expense", "content_type": 18, "codename": "add_expense"}}, {"model": "auth.permission", "pk": 70, "fields": {"name": "Can change expense", "content_type": 18, "codename": "change_expense"}}, {"model": "auth.permission", "pk": 71, "fields": {"name": "Can delete expense", "content_type": 18, "codename": "delete_expense"}}, {"model": "auth.permission", "pk": 72, "fields": {"name": "Can view expense", "content_type": 18, "codename": "view_expense"}}, {"model": "auth.permission", "pk": 73, "fields": {"name": "Can add location", "content_type": 19, "codename": "add_location"}}, {"model": "auth.permission", "pk": 74, "fields": {"name": "Can change location", "content_type": 19, "codename": "change_location"}}, {"model": "auth.permission", "pk": 75, "fields": {"name": "Can delete location", "content_type": 19, "codename": "delete_location"}}, {"model": "auth.permission", "pk": 76, "fields": {"name": "Can view location", "content_type": 19, "codename": "view_location"}}, {"model": "auth.permission", "pk": 77, "fields": {"name": "Can add notification", "content_type": 20, "codename": "add_notification"}}, {"model": "auth.permission", "pk": 78, "fields": {"name": "Can change notification", "content_type": 20, "codename": "change_notification"}}, {"model": "auth.permission", "pk": 79, "fields": {"name": "Can delete notification", "content_type": 20, "codename": "delete_notification"}}, {"model": "auth.permission", "pk": 80, "fields": {"name": "Can view notification", "content_type": 20, "codename": "view_notification"}}, {"model": "contenttypes.contenttype", "pk": 1, "fields": {"app_label": "admin", "model": "logentry"}}, {"model": "contenttypes.contenttype", "pk": 2, "fields": {"app_label": "auth", "model": "permission"}}, {"model": "contenttypes.contenttype", "pk": 3, "fields": {"app_label": "auth", "model": "group"}}, {"model": "contenttypes.contenttype", "pk": 4, "fields": {"app_label": "contenttypes", "model": "contenttype"}}, {"model": "contenttypes.contenttype", "pk": 5, "fields": {"app_label": "sessions", "model": "session"}}, {"model": "contenttypes.contenttype", "pk": 6, "fields": {"app_label": "authtoken", "model": "token"}}, {"model": "contenttypes.contenttype", "pk": 7, "fields": {"app_label": "authtoken", "model": "tokenproxy"}}, {"model": "contenttypes.contenttype", "pk": 8, "fields": {"app_label": "token_blacklist", "model": "blacklistedtoken"}}, {"model": "contenttypes.contenttype", "pk": 9, "fields": {"app_label": "token_blacklist", "model": "outstandingtoken"}}, {"model": "contenttypes.contenttype", "pk": 10, "fields": {"app_label": "users", "model": "user"}}, {"model": "contenttypes.contenttype", "pk": 11, "fields": {"app_label": "boards", "model": "board"}}, {"model": "contenttypes.contenttype", "pk": 12, "fields": {"app_label": "boards", "model": "card"}}, {"model": "contenttypes.contenttype", "pk": 13, "fields": {"app_label": "boards", "model": "list"}}, {"model": "contenttypes.contenttype", "pk": 14, "fields": {"app_label": "budget", "model": "budgetcategory"}}, {"model": "contenttypes.contenttype", "pk": 15, "fields": {"app_label": "budget", "model": "budgetitem"}}, {"model": "contenttypes.contenttype", "pk": 16, "fields": {"app_label": "budget", "model": "budget"}}, {"model": "contenttypes.contenttype", "pk": 17, "fields": {"app_label": "maps", "model": "maplocation"}}, {"model": "contenttypes.contenttype", "pk": 18, "fields": {"app_label": "budget", "model": "expense"}}, {"model": "contenttypes.contenttype", "pk": 19, "fields": {"app_label": "maps", "model": "location"}}, {"model": "contenttypes.contenttype", "pk": 20, "fields": {"app_label": "users", "model": "notification"}}, {"model": "token_blacklist.outstandingtoken", "pk": 1, "fields": {"user": 1, "jti": "715ca34ff2a84c579339e31b9b04d47f", "token": "eyJhbGciOiJIUzI1NiIsInR5cCI6IkpXVCJ9.eyJ0b2tlbl90eXBlIjoicmVmcmVzaCIsImV4cCI6MTc1ODc0MTgxMiwiaWF0IjoxNzU2MTQ5ODEyLCJqdGkiOiI3MTVjYTM0ZmYyYTg0YzU3OTMzOWUzMWI5YjA0ZDQ3ZiIsInVzZXJfaWQiOiIxIn0.gnXcRzEuGN7bC62EXqwNRzXf-sCZpLZuHkVsOOVFf5o", "created_at": "2025-08-25T19:23:32.209Z", "expires_at": "2025-09-24T19:23:32Z"}}, {"model": "token_blacklist.outstandingtoken", "pk": 2, "fields": {"user": 1, "jti": "d3311bc93de94f839940021e65248190", "token": "eyJhbGciOiJIUzI1NiIsInR5cCI6IkpXVCJ9.eyJ0b2tlbl90eXBlIjoicmVmcmVzaCIsImV4cCI6MTc1ODc0MjM2MSwiaWF0IjoxNzU2MTUwMzYxLCJqdGkiOiJkMzMxMWJjOTNkZTk0ZjgzOTk0MDAyMWU2NTI0ODE5MCIsInVzZXJfaWQiOiIxIn0.KLj2i9mHja1lvmsrJGWVJpXi05MGq-fiDMg7tJ4aO4s", "created_at": "2025-08-25T19:32:41.206Z", "expires_at": "2025-09-24T19:32:41Z"}}, {"model": "token_blacklist.outstandingtoken", "pk": 3, "fields": {"user": 1, "jti": "7aa19db7072841aab77c813e1456f514", "token": "eyJhbGciOiJIUzI1NiIsInR5cCI6IkpXVCJ9.eyJ0b2tlbl90eXBlIjoicmVmcmVzaCIsImV4cCI6MTc1ODc0MzM1MSwiaWF0IjoxNzU2MTUxMzUxLCJqdGkiOiI3YWExOWRiNzA3Mjg0MWFhYjc3YzgxM2UxNDU2ZjUxNCIsInVzZXJfaWQiOiIxIn0.jnkx1Ynh6ld8em5oqVYDd99PX-CWzoklRz7mjVSh0r8", "created_at": "2025-08-25T19:49:11.572Z", "expires_at": "2025-09-24T19:49:11Z"}}, {"model": "token_blacklist.outstandingtoken", "pk": 4, "fields": {"user": 1, "jti": "5eaf1aecfddb48129ada607a483c77e4", "token": "eyJhbGciOiJIUzI1NiIsInR5cCI6IkpXVCJ9.eyJ0b2tlbl90eXBlIjoicmVmcmVzaCIsImV4cCI6MTc1ODc1ODI0MSwiaWF0IjoxNzU2MTY2MjQxLCJqdGkiOiI1ZWFmMWFlY2ZkZGI0ODEyOWFkYTYwN2E0ODNjNzdlNCIsInVzZXJfaWQiOiIxIn0.hp5VnrEtWdDiv2JMZ7b3ReUp_yl1jq1ptwdjlEitG44", "created_at": "2025-08-25T23:57:21.127Z", "expires_at": "2025-09-24T23:57:21Z"}}, {"model": "token_blacklist.outstandingtoken", "pk": 5, "fields": {"user": 2, "jti": "16ccca7f4d364585817b34a89e3da8ef", "token": "eyJhbGciOiJIUzI1NiIsInR5cCI6IkpXVCJ9.eyJ0b2tlbl90eXBlIjoicmVmcmVzaCIsImV4cCI6MTc1ODc2MjUxNCwiaWF0IjoxNzU2MTcwNTE0LCJqdGkiOiIxNmNjY2E3ZjRkMzY0NTg1ODE3YjM0YTg5ZTNkYThlZiIsInVzZXJfaWQiOiIyIn0.Yx_SU5lNz9zbPpGXFeb-HDPEdFL7-IY6AK1QAwTy_hg", "created_at": "2025-08-26T01:08:34.977Z", "expires_at": "2025-09-25T01:08:34Z"}}, {"model": "token_blacklist.outstandingtoken", "pk": 6, "fields": {"user": 2, "jti": "f501938721b64707925b04777d7f2e9b", "token": "eyJhbGciOiJIUzI1NiIsInR5cCI6IkpXVCJ9.eyJ0b2tlbl90eXBlIjoicmVmcmVzaCIsImV4cCI6MTc1ODc2NDk0NiwiaWF0IjoxNzU2MTcyOTQ2LCJqdGkiOiJmNTAxOTM4NzIxYjY0NzA3OTI1YjA0Nzc3ZDdmMmU5YiIsInVzZXJfaWQiOiIyIn0.x2GKaumMF9Dd9zdN-4_j5bkoaOegEKa6kay-5T4M1m8", "created_at": "2025-08-26T01:49:06.459Z", "expires_at": "2025-09-25T01:49:06Z"}}, {"model": "token_blacklist.outstandingtoken", "pk": 7, "fields": {"user": 3, "jti": "2c7c7951a71d4003abd804909e682a80", "token": "eyJhbGciOiJIUzI1NiIsInR5cCI6IkpXVCJ9.eyJ0b2tlbl90eXBlIjoicmVmcmVzaCIsImV4cCI6MTc1ODc2NjAyMywiaWF0IjoxNzU2MTc0MDIzLCJqdGkiOiIyYzdjNzk1MWE3MWQ0MDAzYWJkODA0OTA5ZTY4MmE4MCIsInVzZXJfaWQiOiIzIn0.ve9DiYHr9smpZVfj6XfIZZPBdZKmsKpbENibgRQ0P0I", "created_at": "2025-08-26T02:07:03.350Z", "expires_at": "2025-09-25T02:07:03Z"}}, {"model": "token_blacklist.outstandingtoken", "pk": 8, "fields": {"user": 4, "jti": "6618643b6ade4a05b5558fc6dc902207", "token": "eyJhbGciOiJIUzI1NiIsInR5cCI6IkpXVCJ9.eyJ0b2tlbl90eXBlIjoicmVmcmVzaCIsImV4cCI6MTc1ODc3MTMwNiwiaWF0IjoxNzU2MTc5MzA2LCJqdGkiOiI2NjE4NjQzYjZhZGU0YTA1YjU1NThmYzZkYzkwMjIwNyIsInVzZXJfaWQiOiI0In0.Hq1rt-ES4WiPdwMAJ0eWzYz3_663BCYNj-vD55XUypY", "created_at": "2025-08-26T03:35:06.980Z", "expires_at": "2025-09-25T03:35:06Z"}}, {"model": "token_blacklist.outstandingtoken", "pk": 9, "fields": {"user": 4, "jti": "bcc0bb3b3ef94dbe9005e93ed353d3d9", "token": "eyJhbGciOiJIUzI1NiIsInR5cCI6IkpXVCJ9.eyJ0b2tlbl90eXBlIjoicmVmcmVzaCIsImV4cCI6MTc1ODc3MTcwMiwiaWF0IjoxNzU2MTc5NzAyLCJqdGkiOiJiY2MwYmIzYjNlZjk0ZGJlOTAwNWU5M2VkMzUzZDNkOSIsInVzZXJfaWQiOiI0In0.z1yBtVd9wAAuUkwvvZUfDDXAWcjVw2vquiUMbJMQx9E", "created_at": "2025-08-26T03:41:42.344Z", "expires_at": "2025-09-25T03:41:42Z"}}, {"model": "token_blacklist.outstandingtoken", "pk": 10, "fields": {"user": 4, "jti": "6e1e2f5ff23240ca9a465644a6427aca", "token": "eyJhbGciOiJIUzI1NiIsInR5cCI6IkpXVCJ9.eyJ0b2tlbl90eXBlIjoicmVmcmVzaCIsImV4cCI6MTc1ODc4MzgwOCwiaWF0IjoxNzU2MTkxODA4LCJqdGkiOiI2ZTFlMmY1ZmYyMzI0MGNhOWE0NjU2NDRhNjQyN2FjYSIsInVzZXJfaWQiOiI0In0.T5-xD__frDVKo4VAw_pO8uVqGt2aPbur3ChgjW20Q7o", "created_at": "2025-08-26T07:03:28.957Z", "expires_at": "2025-09-25T07:03:28Z"}}, {"model": "token_blacklist.outstandingtoken", "pk": 11, "fields": {"user": 2, "jti": "8cb47fb2f5634a9aab13857d613a6ad0", "token": "eyJhbGciOiJIUzI1NiIsInR5cCI6IkpXVCJ9.eyJ0b2tlbl90eXBlIjoicmVmcmVzaCIsImV4cCI6MTc1ODc4NTYzOSwiaWF0IjoxNzU2MTkzNjM5LCJqdGkiOiI4Y2I0N2ZiMmY1NjM0YTlhYWIxMzg1N2Q2MTNhNmFkMCIsInVzZXJfaWQiOiIyIn0.qaklCER6H7pqjGDoB43uPUzr6KDWOBT6JZ7phOPcAyc", "created_at": "2025-08-26T07:33:59.556Z", "expires_at": "2025-09-25T07:33:59Z"}}, {"model": "token_blacklist.outstandingtoken", "pk": 12, "fields": {"user": 2, "jti": "ae4b41d3029d492cb32c9cfce86da8bb", "token": "eyJhbGciOiJIUzI1NiIsInR5cCI6IkpXVCJ9.eyJ0b2tlbl90eXBlIjoicmVmcmVzaCIsImV4cCI6MTc1ODc4Njk0NiwiaWF0IjoxNzU2MTk0OTQ2LCJqdGkiOiJhZTRiNDFkMzAyOWQ0OTJjYjMyYzljZmNlODZkYThiYiIsInVzZXJfaWQiOiIyIn0.gr3UCl_tdN2KsN7wTSE7NUcEXlbRiNWUCsGson2zp7Q", "created_at": "2025-08-26T07:55:46.429Z", "expires_at": "2025-09-25T07:55:46Z"}}, {"model": "token_blacklist.outstandingtoken", "pk": 13, "fields": {"user": 5, "jti": "ac692860f0074f6692ccd2da3677013f", "token": "eyJhbGciOiJIUzI1NiIsInR5cCI6IkpXVCJ9.eyJ0b2tlbl90eXBlIjoicmVmcmVzaCIsImV4cCI6MTc1ODc4NzYxMCwiaWF0IjoxNzU2MTk1NjEwLCJqdGkiOiJhYzY5Mjg2MGYwMDc0ZjY2OTJjY2QyZGEzNjc3MDEzZiIsInVzZXJfaWQiOiI1In0.zPxant4EN01hMOQhicF4tVN0jk4Z84gvadynYAdtAR8", "created_at": "2025-08-26T08:06:50.908Z", "expires_at": "2025-09-25T08:06:50Z"}}, {"model": "token_blacklist.outstandingtoken", "pk": 14, "fields": {"user": 2, "jti": "0f19a8dbcee24bedaf1b27cfcb55f8f7", "token": "eyJhbGciOiJIUzI1NiIsInR5cCI6IkpXVCJ9.eyJ0b2tlbl90eXBlIjoicmVmcmVzaCIsImV4cCI6MTc1ODc5MTY0MywiaWF0IjoxNzU2MTk5NjQzLCJqdGkiOiIwZjE5YThkYmNlZTI0YmVkYWYxYjI3Y2ZjYjU1ZjhmNyIsInVzZXJfaWQiOiIyIn0.4y-kyezX30GZWDyh03XMTfUOEuIFAm0QfhF84E1rJac", "created_at": "2025-08-26T09:14:03.471Z", "expires_at": "2025-09-25T09:14:03Z"}}, {"model": "token_blacklist.outstandingtoken", "pk": 15, "fields": {"user": 6, "jti": "0650d4f27bff45b8a6a1be03b8e56f50", "token": "eyJhbGciOiJIUzI1NiIsInR5cCI6IkpXVCJ9.eyJ0b2tlbl90eXBlIjoicmVmcmVzaCIsImV4cCI6MTc1ODc5MjYyMywiaWF0IjoxNzU2MjAwNjIzLCJqdGkiOiIwNjUwZDRmMjdiZmY0NWI4YTZhMWJlMDNiOGU1NmY1MCIsInVzZXJfaWQiOiI2In0.h3xJdayOGtWK_KK5fj9d-uGDw-VsqMr3tPfb7bacIlU", "created_at": "2025-08-26T09:30:23.113Z", "expires_at": "2025-09-25T09:30:23Z"}}, {"model": "token_blacklist.outstandingtoken", "pk": 16, "fields": {"user": 2, "jti": "d2e6946364f948d78dd2a535205c3b95", "token": "eyJhbGciOiJIUzI1NiIsInR5cCI6IkpXVCJ9.eyJ0b2tlbl90eXBlIjoicmVmcmVzaCIsImV4cCI6MTc1ODc5OTE5MywiaWF0IjoxNzU2MjA3MTkzLCJqdGkiOiJkMmU2OTQ2MzY0Zjk0OGQ3OGRkMmE1MzUyMDVjM2I5NSIsInVzZXJfaWQiOiIyIn0.ngKtQPZydMJaT11H-Hiouq0r1vYPkZqA2HSFX7xtMn0", "created_at": "2025-08-26T11:19:53.337Z", "expires_at": "2025-09-25T11:19:53Z"}}, {"model": "token_blacklist.outstandingtoken", "pk": 17, "fields": {"user": 2, "jti": "a647b66e1b9744c6bf51217ad37cd4d1", "token": "eyJhbGciOiJIUzI1NiIsInR5cCI6IkpXVCJ9.eyJ0b2tlbl90eXBlIjoicmVmcmVzaCIsImV4cCI6MTc1ODgwNzk1NSwiaWF0IjoxNzU2MjE1OTU1LCJqdGkiOiJhNjQ3YjY2ZTFiOTc0NGM2YmY1MTIxN2FkMzdjZDRkMSIsInVzZXJfaWQiOiIyIn0.nTVHnYuzRa2C7MeGs8kti5MC0ADS8my2z5Vt_MetGf8", "created_at": "2025-08-26T13:45:55.889Z", "expires_at": "2025-09-25T13:45:55Z"}}, {"model": "token_blacklist.outstandingtoken", "pk": 18, "fields": {"user": 2, "jti": "b752aec5d5a547d3b3815299fdabd16f", "token": "eyJhbGciOiJIUzI1NiIsInR5cCI6IkpXVCJ9.eyJ0b2tlbl90eXBlIjoicmVmcmVzaCIsImV4cCI6MTc1ODgxMTU2MywiaWF0IjoxNzU2MjE5NTYzLCJqdGkiOiJiNzUyYWVjNWQ1YTU0N2QzYjM4MTUyOTlmZGFiZDE2ZiIsInVzZXJfaWQiOiIyIn0.6-AdRBo2QFx82pjV8gSpyyjoIPWBLJjWWb9O4dCaMl8", "created_at": "2025-08-26T14:46:03.653Z", "expires_at": "2025-09-25T14:46:03Z"}}, {"model": "token_blacklist.outstandingtoken", "pk": 19, "fields": {"user": 2, "jti": "fe3f8b0a819d4838b364644fb09bec8b", "token": "eyJhbGciOiJIUzI1NiIsInR5cCI6IkpXVCJ9.eyJ0b2tlbl90eXBlIjoicmVmcmVzaCIsImV4cCI6MTc1ODgxMzM3MSwiaWF0IjoxNzU2MjIxMzcxLCJqdGkiOiJmZTNmOGIwYTgxOWQ0ODM4YjM2NDY0NGZiMDliZWM4YiIsInVzZXJfaWQiOiIyIn0.4w2lxpW9m-_CJI-r8hPp19gr-o93hV-o5Ql6vzkT8Ns", "created_at": "2025-08-26T15:16:11.170Z", "expires_at": "2025-09-25T15:16:11Z"}}, {"model": "token_blacklist.outstandingtoken", "pk": 20, "fields": {"user": 2, "jti": "55f6aa20e27e4ff4b804286e1e3e97b7", "token": "eyJhbGciOiJIUzI1NiIsInR5cCI6IkpXVCJ9.eyJ0b2tlbl90eXBlIjoicmVmcmVzaCIsImV4cCI6MTc1ODgxOTQwMSwiaWF0IjoxNzU2MjI3NDAxLCJqdGkiOiI1NWY2YWEyMGUyN2U0ZmY0YjgwNDI4NmUxZTNlOTdiNyIsInVzZXJfaWQiOiIyIn0.m1u3Cgn1K83QHdyIzjNT0CEFYM7u43YKSmHZ7b945sE", "created_at": "2025-08-26T16:56:41.630Z", "expires_at": "2025-09-25T16:56:41Z"}}, {"model": "token_blacklist.outstandingtoken", "pk": 21, "fields": {"user": 2, "jti": "cd2a7e3ebc2d44b5b382044d147dc51e", "token": "eyJhbGciOiJIUzI1NiIsInR5cCI6IkpXVCJ9.eyJ0b2tlbl90eXBlIjoicmVmcmVzaCIsImV4cCI6MTc1ODgyNTg2NCwiaWF0IjoxNzU2MjMzODY0LCJqdGkiOiJjZDJhN2UzZWJjMmQ0NGI1YjM4MjA0NGQxNDdkYzUxZSIsInVzZXJfaWQiOiIyIn0.-8lxSTGgGj4za6OVxxttLfsf30lMwtBghrk-yDGAkBQ", "created_at": "2025-08-26T18:44:24.856Z", "expires_at": "2025-09-25T18:44:24Z"}}, {"model": "token_blacklist.outstandingtoken", "pk": 22, "fields": {"user": 2, "jti": "a04840fd78144452a98dc1923a8b7781", "token": "eyJhbGciOiJIUzI1NiIsInR5cCI6IkpXVCJ9.eyJ0b2tlbl90eXBlIjoicmVmcmVzaCIsImV4cCI6MTc1ODgyNTk3NCwiaWF0IjoxNzU2MjMzOTc0LCJqdGkiOiJhMDQ4NDBmZDc4MTQ0NDUyYTk4ZGMxOTIzYThiNzc4MSIsInVzZXJfaWQiOiIyIn0.2hUFeisKPws9Tvs4Rul4qGCKi6iwHe2ScZ2-vM0oHAc", "created_at": "2025-08-26T18:46:14.748Z", "expires_at": "2025-09-25T18:46:14Z"}}, {"model": "token_blacklist.outstandingtoken", "pk": 23, "fields": {"user": 2, "jti": "c24d3ac8382e4440929c226a89661e45", "token": "eyJhbGciOiJIUzI1NiIsInR5cCI6IkpXVCJ9.eyJ0b2tlbl90eXBlIjoicmVmcmVzaCIsImV4cCI6MTc1ODg0NTY1MywiaWF0IjoxNzU2MjUzNjUzLCJqdGkiOiJjMjRkM2FjODM4MmU0NDQwOTI5YzIyNmE4OTY2MWU0NSIsInVzZXJfaWQiOiIyIn0.gUfZEp_RyQwjimUkorXK3oxxh8y_TacX-fZx_ZBJ2Mw", "created_at": "2025-08-27T00:14:13.672Z", "expires_at": "2025-09-26T00:14:13Z"}}, {"model": "token_blacklist.outstandingtoken", "pk": 24, "fields": {"user": 7, "jti": "4edee479fa3445d6b5b9b075c88b14f8", "token": "eyJhbGciOiJIUzI1NiIsInR5cCI6IkpXVCJ9.eyJ0b2tlbl90eXBlIjoicmVmcmVzaCIsImV4cCI6MTc1ODg0NzM1OCwiaWF0IjoxNzU2MjU1MzU4LCJqdGkiOiI0ZWRlZTQ3OWZhMzQ0NWQ2YjViOWIwNzVjODhiMTRmOCIsInVzZXJfaWQiOiI3In0.ZJctgeF915e5f6CZU_6po0akvLpm7QUQnXd7g30Ixns", "created_at": "2025-08-27T00:42:38.603Z", "expires_at": "2025-09-26T00:42:38Z"}}, {"model": "token_blacklist.outstandingtoken", "pk": 25, "fields": {"user": 7, "jti": "bade0eb31a14400bb06fd962c115c4eb", "token": "eyJhbGciOiJIUzI1NiIsInR5cCI6IkpXVCJ9.eyJ0b2tlbl90eXBlIjoicmVmcmVzaCIsImV4cCI6MTc1ODg2MDU1OCwiaWF0IjoxNzU2MjY4NTU4LCJqdGkiOiJiYWRlMGViMzFhMTQ0MDBiYjA2ZmQ5NjJjMTE1YzRlYiIsInVzZXJfaWQiOiI3In0.ebv9DHSMnLwcIDdCLthcITfG8xkmTzDNxs1nPPhEKJw", "created_at": "2025-08-27T04:22:38.948Z", "expires_at": "2025-09-26T04:22:38Z"}}, {"model": "token_blacklist.outstandingtoken", "pk": 26, "fields": {"user": 7, "jti": "7cd5a3104889471480e3385496e72508", "token": "eyJhbGciOiJIUzI1NiIsInR5cCI6IkpXVCJ9.eyJ0b2tlbl90eXBlIjoicmVmcmVzaCIsImV4cCI6MTc1ODg2NjkwNSwiaWF0IjoxNzU2Mjc0OTA1LCJqdGkiOiI3Y2Q1YTMxMDQ4ODk0NzE0ODBlMzM4NTQ5NmU3MjUwOCIsInVzZXJfaWQiOiI3In0.3uuB_ei9iCFolS7P8Ag5-7_NZ_fJEthPRhxN7wbpfUc", "created_at": "2025-08-27T06:08:25.347Z", "expires_at": "2025-09-26T06:08:25Z"}}, {"model": "token_blacklist.outstandingtoken", "pk": 27, "fields": {"user": 7, "jti": "b60adce8983448f380607414777a7f66", "token": "eyJhbGciOiJIUzI1NiIsInR5cCI6IkpXVCJ9.eyJ0b2tlbl90eXBlIjoicmVmcmVzaCIsImV4cCI6MTc1ODg2NzI3MSwiaWF0IjoxNzU2Mjc1MjcxLCJqdGkiOiJiNjBhZGNlODk4MzQ0OGYzODA2MDc0MTQ3NzdhN2Y2NiIsInVzZXJfaWQiOiI3In0.8TI46wAe8GBIih9T141c20A83J6JWGiVvb01cQU2kMA", "created_at": "2025-08-27T06:14:31.750Z", "expires_at": "2025-09-26T06:14:31Z"}}, {"model": "token_blacklist.outstandingtoken", "pk": 28, "fields": {"user": 7, "jti": "70f6c528c7324af6ac97adb160b48cba", "token": "eyJhbGciOiJIUzI1NiIsInR5cCI6IkpXVCJ9.eyJ0b2tlbl90eXBlIjoicmVmcmVzaCIsImV4cCI6MTc1ODg2NzQ4MCwiaWF0IjoxNzU2Mjc1NDgwLCJqdGkiOiI3MGY2YzUyOGM3MzI0YWY2YWM5N2FkYjE2MGI0OGNiYSIsInVzZXJfaWQiOiI3In0.ksvPdm257oNbIkGTs3Vkzmo82lypvW2Bw7U6JBNMBeQ", "created_at": "2025-08-27T06:18:00.904Z", "expires_at": "2025-09-26T06:18:00Z"}}, {"model": "token_blacklist.outstandingtoken", "pk": 29, "fields": {"user": 7, "jti": "e6c94b6213664d0cadc547c94857ad10", "token": "eyJhbGciOiJIUzI1NiIsInR5cCI6IkpXVCJ9.eyJ0b2tlbl90eXBlIjoicmVmcmVzaCIsImV4cCI6MTc1ODg2NzY5NSwiaWF0IjoxNzU2Mjc1Njk1LCJqdGkiOiJlNmM5NGI2MjEzNjY0ZDBjYWRjNTQ3Yzk0ODU3YWQxMCIsInVzZXJfaWQiOiI3In0.bKJ_bjkDTeOCirvd03VizSBEJTfieN7mPQ-Hqm_D0zY", "created_at": "2025-08-27T06:21:35.060Z", "expires_at": "2025-09-26T06:21:35Z"}}, {"model": "token_blacklist.outstandingtoken", "pk": 30, "fields": {"user": 7, "jti": "abadd246d34e4035989ccedd911d6da7", "token": "eyJhbGciOiJIUzI1NiIsInR5cCI6IkpXVCJ9.eyJ0b2tlbl90eXBlIjoicmVmcmVzaCIsImV4cCI6MTc1ODg3MjMxMiwiaWF0IjoxNzU2MjgwMzEyLCJqdGkiOiJhYmFkZDI0NmQzNGU0MDM1OTg5Y2NlZGQ5MTFkNmRhNyIsInVzZXJfaWQiOiI3In0.ZGRPTRhJ_pldNXJ55TtSMHcBznSUiFVGMKfuNty8f9M", "created_at": "2025-08-27T07:38:32.785Z", "expires_at": "2025-09-26T07:38:32Z"}}, {"model": "token_blacklist.outstandingtoken", "pk": 31, "fields": {"user": 7, "jti": "b1d7ed24d0dc421bb02bafad2342e1d4", "token": "eyJhbGciOiJIUzI1NiIsInR5cCI6IkpXVCJ9.eyJ0b2tlbl90eXBlIjoicmVmcmVzaCIsImV4cCI6MTc1ODg3MjM3NSwiaWF0IjoxNzU2MjgwMzc1LCJqdGkiOiJiMWQ3ZWQyNGQwZGM0MjFiYjAyYmFmYWQyMzQyZTFkNCIsInVzZXJfaWQiOiI3In0.qLNekBSzvI_7PjLsap5JVLaxXJ5MIScyxOlQ1vmczMw", "created_at": "2025-08-27T07:39:35.975Z", "expires_at": "2025-09-26T07:39:35Z"}}, {"model": "token_blacklist.outstandingtoken", "pk": 32, "fields": {"user": 7, "jti": "ce754e28691648708de37edcdaca62e5", "token": "eyJhbGciOiJIUzI1NiIsInR5cCI6IkpXVCJ9.eyJ0b2tlbl90eXBlIjoicmVmcmVzaCIsImV4cCI6MTc1ODg3OTE4OCwiaWF0IjoxNzU2Mjg3MTg4LCJqdGkiOiJjZTc1NGUyODY5MTY0ODcwOGRlMzdlZGNkYWNhNjJlNSIsInVzZXJfaWQiOiI3In0.QV28R6DqUrDB_M24SkyyqJpmPB1ihzAiIgFyP2QSB10", "created_at": "2025-08-27T09:33:08.107Z", "expires_at": "2025-09-26T09:33:08Z"}}, {"model": "token_blacklist.outstandingtoken", "pk": 33, "fields": {"user": 8, "jti": "af501783347f4bbb98ab4c664ae47293", "token": "eyJhbGciOiJIUzI1NiIsInR5cCI6IkpXVCJ9.eyJ0b2tlbl90eXBlIjoicmVmcmVzaCIsImV4cCI6MTc1ODg4OTc2OSwiaWF0IjoxNzU2Mjk3NzY5LCJqdGkiOiJhZjUwMTc4MzM0N2Y0YmJiOThhYjRjNjY0YWU0NzI5MyIsInVzZXJfaWQiOiI4In0.z8Jh29v1fOuRuxSnsVPwXCq1CCEg1dynN2lK_wNGk54", "created_at": "2025-08-27T12:29:29.127Z", "expires_at": "2025-09-26T12:29:29Z"}}, {"model": "token_blacklist.outstandingtoken", "pk": 34, "fields": {"user": 8, "jti": "8a77958b421041b486721020bdc260db", "token": "eyJhbGciOiJIUzI1NiIsInR5cCI6IkpXVCJ9.eyJ0b2tlbl90eXBlIjoicmVmcmVzaCIsImV4cCI6MTc1ODg5MzMyNSwiaWF0IjoxNzU2MzAxMzI1LCJqdGkiOiI4YTc3OTU4YjQyMTA0MWI0ODY3MjEwMjBiZGMyNjBkYiIsInVzZXJfaWQiOiI4In0.LfA6TKSZV8u9B1ybBHr105erv-pq8MsmyR4tYFbh3Xg", "created_at": "2025-08-27T13:28:45.917Z", "expires_at": "2025-09-26T13:28:45Z"}}, {"model": "token_blacklist.outstandingtoken", "pk": 35, "fields": {"user": null, "jti": "346a98f107e844a28e173b106a5c1e20", "token": "eyJhbGciOiJIUzI1NiIsInR5cCI6IkpXVCJ9.eyJ0b2tlbl90eXBlIjoicmVmcmVzaCIsImV4cCI6MTc1ODkwMTE3OCwiaWF0IjoxNzU2MzA5MTc4LCJqdGkiOiIzNDZhOThmMTA3ZTg0NGEyOGUxNzNiMTA2YTVjMWUyMCIsInVzZXJfaWQiOiI5In0.rPonpb1KHIWmrzeGacvWDE2S2NBcQgIUvTzovylEOQE", "created_at": "2025-08-27T15:39:38.731Z", "expires_at": "2025-09-26T15:39:38Z"}}, {"model": "token_blacklist.outstandingtoken", "pk": 36, "fields": {"user": null, "jti": "fdbaafed5f5a45158bd5cc52f54840b0", "token": "eyJhbGciOiJIUzI1NiIsInR5cCI6IkpXVCJ9.eyJ0b2tlbl90eXBlIjoicmVmcmVzaCIsImV4cCI6MTc1ODkwMTk0NSwiaWF0IjoxNzU2MzA5OTQ1LCJqdGkiOiJmZGJhYWZlZDVmNWE0NTE1OGJkNWNjNTJmNTQ4NDBiMCIsInVzZXJfaWQiOiI5In0.5cNcMubrr2dusI3TSgpm_m6HtVWYokeO1Uti0Dx7_ao", "created_at": "2025-08-27T15:52:25.197Z", "expires_at": "2025-09-26T15:52:25Z"}}, {"model": "token_blacklist.outstandingtoken", "pk": 37, "fields": {"user": null, "jti": "b430557c5cb6412c86f0c13891cb0dcd", "token": "eyJhbGciOiJIUzI1NiIsInR5cCI6IkpXVCJ9.eyJ0b2tlbl90eXBlIjoicmVmcmVzaCIsImV4cCI6MTc1ODkwMzIyOSwiaWF0IjoxNzU2MzExMjI5LCJqdGkiOiJiNDMwNTU3YzVjYjY0MTJjODZmMGMxMzg5MWNiMGRjZCIsInVzZXJfaWQiOiI5In0.syoR4aFEmEid4uDfEw2a0QgoXVHP25mFsB0tBA1txcM", "created_at": "2025-08-27T16:13:49.111Z", "expires_at": "2025-09-26T16:13:49Z"}}, {"model": "token_blacklist.outstandingtoken", "pk": 38, "fields": {"user": null, "jti": "567620b63b354ce895284556e13a2523", "token": "eyJhbGciOiJIUzI1NiIsInR5cCI6IkpXVCJ9.eyJ0b2tlbl90eXBlIjoicmVmcmVzaCIsImV4cCI6MTc1ODkwMzU1OSwiaWF0IjoxNzU2MzExNTU5LCJqdGkiOiI1Njc2MjBiNjNiMzU0Y2U4OTUyODQ1NTZlMTNhMjUyMyIsInVzZXJfaWQiOiI5In0.-iouo8xyEFwuOHWrpHGX5LkX1D14-qw_RuJxzr53sGw", "created_at": "2025-08-27T16:19:19.877Z", "expires_at": "2025-09-26T16:19:19Z"}}, {"model": "token_blacklist.outstandingtoken", "pk": 39, "fields": {"user": null, "jti": "74d5283137e347869f312c9daa032c4a", "token": "eyJhbGciOiJIUzI1NiIsInR5cCI6IkpXVCJ9.eyJ0b2tlbl90eXBlIjoicmVmcmVzaCIsImV4cCI6MTc1ODkwNTk1MiwiaWF0IjoxNzU2MzEzOTUyLCJqdGkiOiI3NGQ1MjgzMTM3ZTM0Nzg2OWYzMTJjOWRhYTAzMmM0YSIsInVzZXJfaWQiOiI5In0.IkXO4yws53oFsj4i9wDBx2Ygk_Ah2nO1U7c9AerXYc0", "created_at": "2025-08-27T16:59:12.406Z", "expires_at": "2025-09-26T16:59:12Z"}}, {"model": "token_blacklist.outstandingtoken", "pk": 40, "fields": {"user": null, "jti": "879363b89bc14cafa07d0d2239212759", "token": "eyJhbGciOiJIUzI1NiIsInR5cCI6IkpXVCJ9.eyJ0b2tlbl90eXBlIjoicmVmcmVzaCIsImV4cCI6MTc1ODkwODM4NCwiaWF0IjoxNzU2MzE2Mzg0LCJqdGkiOiI4NzkzNjNiODliYzE0Y2FmYTA3ZDBkMjIzOTIxMjc1OSIsInVzZXJfaWQiOiI5In0.R0WFx8ckGuNCjkbHtECv2JcEICHOmC3hizT1N8aSFNc", "created_at": "2025-08-27T17:39:44.379Z", "expires_at": "2025-09-26T17:39:44Z"}}, {"model": "token_blacklist.outstandingtoken", "pk": 41, "fields": {"user": null, "jti": "48e1103efdb44875a5a8e38b5b6712f5", "token": "eyJhbGciOiJIUzI1NiIsInR5cCI6IkpXVCJ9.eyJ0b2tlbl90eXBlIjoicmVmcmVzaCIsImV4cCI6MTc1ODkxMDMwMywiaWF0IjoxNzU2MzE4MzAzLCJqdGkiOiI0OGUxMTAzZWZkYjQ0ODc1YTVhOGUzOGI1YjY3MTJmNSIsInVzZXJfaWQiOiI5In0.1H0PqgYRudadzmqzJGk2nYm1MHlEbCIucozTY-ZmcV4", "created_at": "2025-08-27T18:11:43.207Z", "expires_at": "2025-09-26T18:11:43Z"}}, {"model": "token_blacklist.outstandingtoken", "pk": 42, "fields": {"user": null, "jti": "1df4b279c5d547cdbdd260956c237005", "token": "eyJhbGciOiJIUzI1NiIsInR5cCI6IkpXVCJ9.eyJ0b2tlbl90eXBlIjoicmVmcmVzaCIsImV4cCI6MTc1ODkyNDM0NywiaWF0IjoxNzU2MzMyMzQ3LCJqdGkiOiIxZGY0YjI3OWM1ZDU0N2NkYmRkMjYwOTU2YzIzNzAwNSIsInVzZXJfaWQiOiI5In0.W9YPP50_ubyqxNHKKW4VLtvR4N26c1dfpORcK8qW2g4", "created_at": "2025-08-27T22:05:47.091Z", "expires_at": "2025-09-26T22:05:47Z"}}, {"model": "token_blacklist.outstandingtoken", "pk": 43, "fields": {"user": 10, "jti": "dc2d5de6b2a944aa941919ca9dc2281a", "token": "eyJhbGciOiJIUzI1NiIsInR5cCI6IkpXVCJ9.eyJ0b2tlbl90eXBlIjoicmVmcmVzaCIsImV4cCI6MTc1ODk0MjI1OSwiaWF0IjoxNzU2MzUwMjU5LCJqdGkiOiJkYzJkNWRlNmIyYTk0NGFhOTQxOTE5Y2E5ZGMyMjgxYSIsInVzZXJfaWQiOiIxMCJ9.VXQTkjC66cPTeew3w_P9TPiZeGM0afS-EqnsUYh7Qxs", "created_at": "2025-08-28T03:04:19.041Z", "expires_at": "2025-09-27T03:04:19Z"}}, {"model": "token_blacklist.outstandingtoken", "pk": 44, "fields": {"user": 11, "jti": "efe0e6ccb6724f3eb5ea66719ed646ba", "token": "eyJhbGciOiJIUzI1NiIsInR5cCI6IkpXVCJ9.eyJ0b2tlbl90eXBlIjoicmVmcmVzaCIsImV4cCI6MTc1ODk0NTI5MSwiaWF0IjoxNzU2MzUzMjkxLCJqdGkiOiJlZmUwZTZjY2I2NzI0ZjNlYjVlYTY2NzE5ZWQ2NDZiYSIsInVzZXJfaWQiOiIxMSJ9.ZYwtsNd0eAFXdYb4i7JKKiUEb1Ra3N5SeN1qPNHqrX8", "created_at": "2025-08-28T03:54:51.484Z", "expires_at": "2025-09-27T03:54:51Z"}}, {"model": "token_blacklist.outstandingtoken", "pk": 45, "fields": {"user": 11, "jti": "75fc283f16394f3c95f10797218c6dcf", "token": "eyJhbGciOiJIUzI1NiIsInR5cCI6IkpXVCJ9.eyJ0b2tlbl90eXBlIjoicmVmcmVzaCIsImV4cCI6MTc1ODk0NzQ2OCwiaWF0IjoxNzU2MzU1NDY4LCJqdGkiOiI3NWZjMjgzZjE2Mzk0ZjNjOTVmMTA3OTcyMThjNmRjZiIsInVzZXJfaWQiOiIxMSJ9.WO-Q6QnIC0OjC1FrwuEeuQW8SgkHsVgZEJcJZDXgpaA", "created_at": "2025-08-28T04:31:08.348Z", "expires_at": "2025-09-27T04:31:08Z"}}, {"model": "token_blacklist.blacklistedtoken", "pk": 1, "fields": {"token": 6, "blacklisted_at": "2025-08-26T01:51:35.384Z"}}, {"model": "token_blacklist.blacklistedtoken", "pk": 2, "fields": {"token": 8, "blacklisted_at": "2025-08-26T03:39:58.641Z"}}, {"model": "token_blacklist.blacklistedtoken", "pk": 3, "fields": {"token": 9, "blacklisted_at": "2025-08-26T03:44:54.872Z"}}, {"model": "token_blacklist.blacklistedtoken", "pk": 4, "fields": {"token": 13, "blacklisted_at": "2025-08-26T08:19:57.608Z"}}, {"model": "token_blacklist.blacklistedtoken", "pk": 5, "fields": {"token": 20, "blacklisted_at": "2025-08-26T18:44:25.391Z"}}, {"model": "token_blacklist.blacklistedtoken", "pk": 6, "fields": {"token": 29, "blacklisted_at": "2025-08-27T07:38:32.953Z"}}, {"model": "token_blacklist.blacklistedtoken", "pk": 7, "fields": {"token": 43, "blacklisted_at": "2025-08-28T03:43:24.518Z"}}, {"model": "users.user", "pk": 1, "fields": {"password": "pbkdf2_sha256$1000000$jAeoL7u3EAsxFMpCXLyJ5U$YaoB7dN5sc5XsOxeIpUrzn3PRO7Mus0D7Ze/gLZ5NLY=", "last_login": null, "is_superuser": false, "username": "testuser1", "first_name": "Updated", "last_name": "User", "is_staff": false, "is_active": true, "date_joined": "2025-08-25T19:23:30.379Z", "email": "test1@example.com", "created_at": "2025-08-25T19:23:32.184Z", "groups": [], "user_permissions": []}}, {"model": "users.user", "pk": 2, "fields": {"password": "pbkdf2_sha256$1000000$eucAuwQlIUwTxhL88am0QC$3QMRWmfRps0eIORXbdttaJMdq0T8XRwAt9w2CdzUWuo=", "last_login": null, "is_superuser": false, "username": "johncamron234", "first_name": "John", "last_name": "Camron", "is_staff": false, "is_active": true, "date_joined": "2025-08-26T01:08:29.296Z", "email": "john234@example.com", "created_at": "2025-08-26T01:08:34.835Z", "groups": [], "user_permissions": []}}, {"model": "users.user", "pk": 3, "fields": {"password": "pbkdf2_sha256$1000000$HWmPxR1N9FF5Y4bInQ8new$dqRvEvw8uDM0huWkQRNtgcgCuHklIDv8yXIfIoArF2U=", "last_login": null, "is_superuser": false, "username": "jobpeter790", "first_name": "Job", "last_name": "Peter", "is_staff": false, "is_active": true, "date_joined": "2025-08-26T02:07:00.604Z", "email": "john790@example.com", "created_at": "2025-08-26T02:07:03.319Z", "groups": [], "user_permissions": []}}, {"model": "users.user", "pk": 4, "fields": {"password": "pbkdf2_sha256$1000000$TnNXA9CTTZr9pVIdt3n6XW$ABvc119esueIXizEFBZs2awPpPvfPeqmYVigdAqkEUo=", "last_login": null, "is_superuser": false, "username": "Joho001", "first_name": "Hassan", "last_name": "Joho", "is_staff": false, "is_active": true, "date_joined": "2025-08-26T03:35:04.495Z", "email": "joho001@example.com", "created_at": "2025-08-26T03:35:06.947Z", "groups": [], "user_permissions": []}}, {"model": "users.user", "pk": 5, "fields": {"password": "pbkdf2_sha256$1000000$ekpZmojfogr1sSI1dYO3fz$NZk6Xb3mb32iHHypEJOK3DDh+4dDhQUVcRBZwiLkCws=", "last_login": null, "is_superuser": false, "username": "Stee290", "first_name": "Stella", "last_name": "Daniel", "is_staff": false, "is_active": true, "date_joined": "2025-08-26T08:06:48.627Z", "email": "stee290@example.com", "created_at": "2025-08-26T08:06:50.880Z", "groups": [], "user_permissions": []}}, {"model": "users.user", "pk": 6, "fields": {"password": "pbkdf2_sha256$1000000$1K2BdTYmXMiwZZVNhn7oW6$Vq8SO5BKuL+d7MOxsW9hPm94cazuQheaCTFH14h/bpU=", "last_login": null, "is_superuser": false, "username": "sonko047", "first_name": "Mike", "last_name": "Sonko", "is_staff": false, "is_active": true, "date_joined": "2025-08-26T09:30:20.697Z", "email": "sonko047@example.com", "created_at": "2025-08-26T09:30:23.087Z", "groups": [], "user_permissions": []}}, {"model": "users.user", "pk": 7, "fields": {"password": "pbkdf2_sha256$1000000$TaYCEJeNH0Ux3tBnmCFNhZ$G7xtEa0dAa6gkolUvm0nh3fIh96FY050opCHchQUOfc=", "last_login": null, "is_superuser": false, "username": "kaluki567", "first_name": "Kaluki", "last_name": "", "is_staff": false, "is_active": true, "date_joined": "2025-08-27T00:42:35.763Z", "email": "kaluki567@example.com", "created_at": "2025-08-27T00:42:38.572Z", "groups": [], "user_permissions": []}}, {"model": "users.user", "pk": 8, "fields": {"password": "pbkdf2_sha256$1000000$amSENtlrxVZgIRnyDiuBzL$CICMYnXBjovW7AxqmHHpo5yXxiAcWJ8e6viTVe1Qsng=", "last_login": null, "is_superuser": false, "username": "patelo34", "first_name": "Patelo", "last_name": "Dee", "is_staff": false, "is_active": true, "date_joined": "2025-08-27T12:29:26.096Z", "email": "patelo34@example.com", "created_at": "2025-08-27T12:29:29.108Z", "groups": [], "user_permissions": []}}, {"model": "users.user", "pk": 10, "fields": {"password": "pbkdf2_sha256$1000000$Dco3Vd4PrB5ihax46cQOIK$wPBf+0w/xPpBqe9WpnbB+n9wxfiOsu2Ph9K9Kpv9xG8=", "last_login": null, "is_superuser": false, "username": "joha790", "first_name": "Joha", "last_name": "Kupa", "is_staff": false, "is_active": true, "date_joined": "2025-08-28T03:04:16.794Z", "email": "joha790@example.com", "created_at": "2025-08-28T03:04:19.025Z", "groups": [], "user_permissions": []}}, {"model": "users.user", "pk": 11, "fields": {"password": "pbkdf2_sha256$1000000$ZjaLrj16mpxweyX1D9KVlC$4xLBRv0gDDpd898f7kXL50OhKtAHxnCu6gI3OG0hHNw=", "last_login": null, "is_superuser": false, "username": "maclus254", "first_name": "Maclus", "last_name": "Gitonga", "is_staff": false, "is_active": true, "date_joined": "2025-08-28T03:54:48.674Z", "email": "maclus254@example.com", "created_at": "2025-08-28T03:54:51.464Z", "groups": [], "user_permissions": []}}, {"model": "users.notification", "pk": 1, "fields": {"user": 7, "title": "New board created", "message": "Your new board 'Kenya Trip 2025' has been created.", "is_read": false, "created_at": "2025-08-27T04:32:56.346Z"}}, {"model": "users.notification", "pk": 2, "fields": {"user": 8, "title": "New board created", "message": "Your new board 'Kenya Trip 2025' has been created.", "is_read": false, "created_at": "2025-08-27T13:32:59.776Z"}}, {"model": "users.notification", "pk": 4, "fields": {"user": 10, "title": "New board created", "message": "Your new board 'Kenyan Trip 2025' has been created.", "is_read": false, "created_at": "2025-08-28T03:09:04.610Z"}}, {"model": "users.notification", "pk": 5, "fields": {"user": 10, "title": "Budget updated", "message": "New expense 'Book Flight to Nairobi' of 2000.00 USD added to board 'Kenyan Trip 2025'.", "is_read": false, "created_at": "2025-08-28T03:18:32.661Z"}}, {"model": "users.notification", "pk": 6, "fields": {"user": 11, "title": "New board created", "message": "Your new board 'Kenyan Safari Adventure 2025' has been created.", "is_read": false, "created_at": "2025-08-28T03:58:41.101Z"}}, {"model": "users.notification", "pk": 7, "fields": {"user": 11, "title": "Budget updated", "message": "New expense 'Book Flight to Nairobi' of 1000.00 USD added to board 'Kenyan Safari Adventure 2025'.", "is_read": false, "created_at": "2025-08-28T04:04:00.278Z"}}, {"model": "boards.board", "pk": 1, "fields": {"title": "Updated Test Board", "description": "A test board for API testing", "owner": 1, "status": "completed", "budget": "5000.00", "currency": "USD", "start_date": null, "end_date": null, "is_favorite": false, "tags": ["testing", "api"], "cover_image": "", "created_at": "2025-08-25T19:56:52.346Z", "updated_at": "2025-08-26T00:13:19.447Z", "members": [1]}}, {"model": "boards.board", "pk": 2, "fields": {"title": "Paris Trip", "description": "Summer 2025 vacation", "owner": 2, "status": "planning", "budget": "5000.00", "currency": "USD", "start_date": null, "end_date": null, "is_favorite": false, "tags": [], "cover_image": "https://source.unsplash.com/random/800x400/?travel", "created_at": "2025-08-26T17:01:53.087Z", "updated_at": "2025-08-26T17:01:53.087Z", "members": [2]}}, {"model": "boards.board", "pk": 3, "fields": {"title": "Jumanji Trip 2025", "description": "we will be there", "owner": 2, "status": "planning", "budget": "5000.00", "currency": "USD", "start_date": null, "end_date": null, "is_favorite": false, "tags": [], "cover_image": "https://gemini.google.com/", "created_at": "2025-08-26T18:49:00.509Z", "updated_at": "2025-08-26T18:49:00.509Z", "members": [2]}}, {"model": "boards.board", "pk": 4, "fields": {"title": "Paris Trip 2025", "description": "Must make it happen", "owner": 7, "status": "planning", "budget": "5000.00", "currency": "USD", "start_date": null, "end_date": null, "is_favorite": true, "tags": [], "cover_image": "https://unsplash.com/photos/eiffel-tower-at-paris-france-QAwciFlS1g4", "created_at": "2025-08-27T00:49:41.625Z", "updated_at": "2025-08-27T04:33:23.184Z", "members": [7]}}, {"model": "boards.board", "pk": 5, "fields": {"title": "Kenya Trip 2025", "description": "Adventure is calling", "owner": 7, "status": "planning", "budget": "3000.00", "currency": "USD", "start_date": null, "end_date": null, "is_favorite": false, "tags": [], "cover_image": "https://unsplash.com/photos/pride-of-lion-on-field-L4-BDd01wmM", "created_at": "2025-08-27T04:32:56.303Z", "updated_at": "2025-08-27T04:32:56.303Z", "members": [7]}}, {"model": "boards.board", "pk": 6, "fields": {"title": "Kenya Trip 2025", "description": "Solo trip to kenya", "owner": 8, "status": "planning", "budget": "3000.00", "currency": "USD", "start_date": "2025-09-01", "end_date": "2025-09-03", "is_favorite": false, "tags": [], "cover_image": "https://images.unsplash.com/photo-1507525428034-b723cf961d3e", "created_at": "2025-08-27T13:32:59.752Z", "updated_at": "2025-08-27T13:32:59.752Z", "members": [8]}}, {"model": "boards.board", "pk": 8, "fields": {"title": "Kenyan Trip 2025", "description": "solo 3 day trip", "owner": 10, "status": "planning", "budget": "3000.00", "currency": "USD", "start_date": "2025-09-03", "end_date": "2025-09-06", "is_favorite": true, "tags": [], "cover_image": "https://upload.wikimedia.org/wikipedia/commons/thumb/f/fb/Blue_Wildebeest%2C_Ngorongoro.jpg/960px-Blue_Wildebeest%2C_Ngorongoro.jpg", "created_at": "2025-08-28T03:09:04.587Z", "updated_at": "2025-08-28T03:11:29.134Z", "members": [10]}}, {"model": "boards.board", "pk": 9, "fields": {"title": "Kenyan Safari Adventure 2025", "description": "Epic 10-day family safari exploring Nairobi, Lake Nakuru, Masai Mara, and Amboseli. Can't wait for wildlife sightings and cultural experiences!", "owner": 11, "status": "active", "budget": "2000.00", "currency": "USD", "start_date": "2025-09-03", "end_date": "2025-09-13", "is_favorite": true, "tags": [], "cover_image": "https://upload.wikimedia.org/wikipedia/en/thumb/9/94/Simba_%28_Disney_character_-_adult%29.png/165px-Simba_%28_Disney_character_-_adult%29.png", "created_at": "2025-08-28T03:58:41.076Z", "updated_at": "2025-08-28T04:12:29.629Z", "members": [11]}}, {"model": "boards.list", "pk": 1, "fields": {"board": 6, "title": "To Plan", "color": "blue", "position": 0, "created_at": "2025-08-27T13:32:59.802Z", "updated_at": "2025-08-27T13:32:59.802Z"}}, {"model": "boards.list", "pk": 2, "fields": {"board": 6, "title": "In Progress", "color": "blue", "position": 1, "created_at": "2025-08-27T13:32:59.802Z", "updated_at": "2025-08-27T13:32:59.803Z"}}, {"model": "boards.list", "pk": 3, "fields": {"board": 6, "title": "Booked", "color": "blue", "position": 2, "created_at": "2025-08-27T13:32:59.803Z", "updated_at": "2025-08-27T13:32:59.803Z"}}, {"model": "boards.list", "pk": 4, "fields": {"board": 6, "title": "Completed", "color": "blue", "position": 3, "created_at": "2025-08-27T13:32:59.803Z", "updated_at": "2025-08-27T13:32:59.803Z"}}, {"model": "boards.list", "pk": 9, "fields": {"board": 8, "title": "To Plan", "color": "blue", "position": 0, "created_at": "2025-08-28T03:09:04.633Z", "updated_at": "2025-08-28T03:09:04.633Z"}}, {"model": "boards.list", "pk": 10, "fields": {"board": 8, "title": "In Progress", "color": "blue", "position": 1, "created_at": "2025-08-28T03:09:04.633Z", "updated_at": "2025-08-28T03:09:04.633Z"}}, {"model": "boards.list", "pk": 11, "fields": {"board": 8, "title": "Booked", "color": "blue", "position": 2, "created_at": "2025-08-28T03:09:04.633Z", "updated_at": "2025-08-28T03:09:04.633Z"}}, {"model": "boards.list", "pk": 12, "fields": {"board": 8, "title": "Completed", "color": "blue", "position": 3, "created_at": "2025-08-28T03:09:04.633Z", "updated_at": "2025-08-28T03:09:04.633Z"}}, {"model": "boards.list", "pk": 13, "fields": {"board": 9, "title": "To Plan", "color": "blue", "position": 0, "created_at": "2025-08-28T03:58:41.121Z", "updated_at": "2025-08-28T03:58:41.121Z"}}, {"model": "boards.list", "pk": 14, "fields": {"board": 9, "title": "In Progress", "color": "blue", "position": 1, "created_at": "2025-08-28T03:58:41.121Z", "updated_at": "2025-08-28T03:58:41.121Z"}}, {"model": "boards.list", "pk": 15, "fields": {"board": 9, "title": "Booked", "color": "blue", "position": 2, "created_at": "2025-08-28T03:58:41.121Z", "updated_at": "2025-08-28T03:58:41.121Z"}}, {"model": "boards.list", "pk": 16, "fields": {"board": 9, "title": "Completed", "color": "blue", "position": 3, "created_at": "2025-08-28T03:58:41.121Z", "updated_at": "2025-08-28T03:58:41.122Z"}}, {"model": "boards.list", "pk": 17, "fields": {"board": 9, "title": "To plan", "color": "blue", "position": 4, "created_at": "2025-08-28T04:00:49.706Z", "updated_at": "2025-08-28T04:00:49.706Z"}}, {"model": "boards.card", "pk": 2, "fields": {"list": 11, "title": "Book Flight to Nairobi", "description": "Round-trip economy flight from [your home] to Jomo Kenyatta International Airport (NBO). Aim for early arrival for jet lag recovery.", "budget": "1000.00", "people_number": 2, "tags": ["flight", "travel"], "due_date": "2025-08-28", "subtasks": [{"title": "Research airlines", "completed": true}, {"title": "Book tickets", "completed": false}], "attachments": [], "location": {}, "position": 0, "category": "flight", "created_at": "2025-08-28T03:18:32.476Z", "updated_at": "2025-08-28T03:18:43.361Z", "assigned_members": []}}, {"model": "boards.card", "pk": 3, "fields": {"list": 15, "title": "Book Flight to Nairobi", "description": "Round-trip economy flight from [your home] to Jomo Kenyatta International Airport", "budget": "1000.00", "people_number": 2, "tags": ["flight", "travel"], "due_date": "2025-08-20", "subtasks": [{"title": "Research airlines", "completed": true}, {"title": "Book tickets", "completed": false}], "attachments": [], "location": {}, "position": 0, "category": "flight", "created_at": "2025-08-28T04:04:00.101Z", "updated_at": "2025-08-28T04:05:22.341Z", "assigned_members": []}}, {"model": "budget.expense", "pk": 1, "fields": {"board": 8, "title": "Book Flight to Nairobi", "amount": "2000.00", "category": "travel", "date": "2025-08-28", "notes": "From card ID 2", "created_by": 10, "created_at": "2025-08-28T03:18:32.595Z", "updated_at": "2025-08-28T03:18:32.595Z", "currency": "USD"}}, {"model": "budget.expense", "pk": 2, "fields": {"board": 9, "title": "Book Flight to Nairobi", "amount": "1000.00", "category": "travel", "date": "2025-08-28", "notes": "From card ID 3", "created_by": 11, "created_at": "2025-08-28T04:04:00.235Z", "updated_at": "2025-08-28T04:04:00.235Z", "currency": "USD"}}, {"model": "maps.location", "pk": 2, "fields": {"board": 8, "name": "jomo Kenyatta International Airport, Nairobi, Kenya", "lat": -1.300502, "lng": 36.75709, "created_by": 10, "created_at": "2025-08-28T03:18:32.535Z", "updated_at": "2025-08-28T03:18:32.535Z"}}, {"model": "maps.location", "pk": 3, "fields": {"board": 9, "name": "Jomo Kenyatta International Airport, Nairobi, Kenya", "lat": -1.300502, "lng": 36.75709, "created_by": 11, "created_at": "2025-08-28T04:04:00.331Z", "updated_at": "2025-08-28T04:04:00.331Z"}}]
